10:07:36,103.1MiB / 3.827GiB,0.00%,2
10:08:35,115.1MiB / 3.827GiB,99.14%,576
10:09:34,127.3MiB / 3.827GiB,100.20%,816
10:10:33,136MiB / 3.827GiB,100.05%,1012
10:11:32,143.4MiB / 3.827GiB,97.89%,1199
10:12:32,150.4MiB / 3.827GiB,100.07%,1359
10:13:32,157.1MiB / 3.827GiB,99.88%,1497
10:14:31,162.7MiB / 3.827GiB,100.31%,1602
10:15:32,166.2MiB / 3.827GiB,100.00%,1669
10:16:31,170.6MiB / 3.827GiB,99.91%,1755
10:17:31,176MiB / 3.827GiB,100.03%,1852
10:18:35,179.9MiB / 3.827GiB,100.01%,1944
10:19:34,183.8MiB / 3.827GiB,99.38%,2020
10:20:34,188.4MiB / 3.827GiB,100.01%,2097
10:21:34,174.3MiB / 3.827GiB,100.29%,2153
10:22:35,195.6MiB / 3.827GiB,99.99%,2213
10:23:36,198MiB / 3.827GiB,100.17%,2305
10:24:35,202.7MiB / 3.827GiB,100.28%,2376
10:25:35,204.8MiB / 3.827GiB,99.73%,2464
10:26:34,208.9MiB / 3.827GiB,99.93%,2529
10:27:33,212.2MiB / 3.827GiB,100.06%,2617
